workload_description,label_cluster
Host a React and FastAPI web app with moderate HTTP traffic; production priority.,general
Run an internal dashboard API with cron jobs and simple background tasks; production priority.,general
"Deploy a Node.js service for user signups, REST endpoints, and notifications; production priority.",general
Serve a Django admin portal with lightweight PostgreSQL reads; production priority.,general
Run Docker microservices for a student project demo environment; production priority.,general
Host a Flask API for CRUD operations and file metadata; production priority.,general
Host a React and FastAPI web app with moderate HTTP traffic; low budget student demo.,general
Run an internal dashboard API with cron jobs and simple background tasks; low budget student demo.,general
"Deploy a Node.js service for user signups, REST endpoints, and notifications; low budget student demo.",general
Serve a Django admin portal with lightweight PostgreSQL reads; low budget student demo.,general
Run Docker microservices for a student project demo environment; low budget student demo.,general
Host a Flask API for CRUD operations and file metadata; low budget student demo.,general
Host a React and FastAPI web app with moderate HTTP traffic; needs autoscaling.,general
Run an internal dashboard API with cron jobs and simple background tasks; needs autoscaling.,general
"Deploy a Node.js service for user signups, REST endpoints, and notifications; needs autoscaling.",general
Serve a Django admin portal with lightweight PostgreSQL reads; needs autoscaling.,general
Run Docker microservices for a student project demo environment; needs autoscaling.,general
Host a Flask API for CRUD operations and file metadata; needs autoscaling.,general
Host a React and FastAPI web app with moderate HTTP traffic; with daily monitoring.,general
Run an internal dashboard API with cron jobs and simple background tasks; with daily monitoring.,general
"Deploy a Node.js service for user signups, REST endpoints, and notifications; with daily monitoring.",general
Serve a Django admin portal with lightweight PostgreSQL reads; with daily monitoring.,general
Run Docker microservices for a student project demo environment; with daily monitoring.,general
Host a Flask API for CRUD operations and file metadata; with daily monitoring.,general
Host a React and FastAPI web app with moderate HTTP traffic; urgent launch this week.,general
Run an internal dashboard API with cron jobs and simple background tasks; urgent launch this week.,general
"Deploy a Node.js service for user signups, REST endpoints, and notifications; urgent launch this week.",general
Serve a Django admin portal with lightweight PostgreSQL reads; urgent launch this week.,general
Run Docker microservices for a student project demo environment; urgent launch this week.,general
Host a Flask API for CRUD operations and file metadata; urgent launch this week.,general
Host a React and FastAPI web app with moderate HTTP traffic; production priority.,general
Run an internal dashboard API with cron jobs and simple background tasks; production priority.,general
"Deploy a Node.js service for user signups, REST endpoints, and notifications; production priority.",general
Serve a Django admin portal with lightweight PostgreSQL reads; production priority.,general
Run Docker microservices for a student project demo environment; production priority.,general
Host a Flask API for CRUD operations and file metadata; production priority.,general
Host a React and FastAPI web app with moderate HTTP traffic; low budget student demo.,general
Run an internal dashboard API with cron jobs and simple background tasks; low budget student demo.,general
"Deploy a Node.js service for user signups, REST endpoints, and notifications; low budget student demo.",general
Serve a Django admin portal with lightweight PostgreSQL reads; low budget student demo.,general
Run Docker microservices for a student project demo environment; low budget student demo.,general
Host a Flask API for CRUD operations and file metadata; low budget student demo.,general
Host a React and FastAPI web app with moderate HTTP traffic; needs autoscaling.,general
Run an internal dashboard API with cron jobs and simple background tasks; needs autoscaling.,general
"Deploy a Node.js service for user signups, REST endpoints, and notifications; needs autoscaling.",general
Serve a Django admin portal with lightweight PostgreSQL reads; needs autoscaling.,general
Run Docker microservices for a student project demo environment; needs autoscaling.,general
Host a Flask API for CRUD operations and file metadata; needs autoscaling.,general
Host a React and FastAPI web app with moderate HTTP traffic; with daily monitoring.,general
Run an internal dashboard API with cron jobs and simple background tasks; with daily monitoring.,general
"Deploy a Node.js service for user signups, REST endpoints, and notifications; with daily monitoring.",general
Serve a Django admin portal with lightweight PostgreSQL reads; with daily monitoring.,general
Run Docker microservices for a student project demo environment; with daily monitoring.,general
Host a Flask API for CRUD operations and file metadata; with daily monitoring.,general
Host a React and FastAPI web app with moderate HTTP traffic; urgent launch this week.,general
Run an internal dashboard API with cron jobs and simple background tasks; urgent launch this week.,general
"Deploy a Node.js service for user signups, REST endpoints, and notifications; urgent launch this week.",general
Serve a Django admin portal with lightweight PostgreSQL reads; urgent launch this week.,general
Run Docker microservices for a student project demo environment; urgent launch this week.,general
Host a Flask API for CRUD operations and file metadata; urgent launch this week.,general
Host a React and FastAPI web app with moderate HTTP traffic; production priority.,general
Run an internal dashboard API with cron jobs and simple background tasks; production priority.,general
"Deploy a Node.js service for user signups, REST endpoints, and notifications; production priority.",general
Serve a Django admin portal with lightweight PostgreSQL reads; production priority.,general
Run Docker microservices for a student project demo environment; production priority.,general
Host a Flask API for CRUD operations and file metadata; production priority.,general
Host a React and FastAPI web app with moderate HTTP traffic; low budget student demo.,general
Run an internal dashboard API with cron jobs and simple background tasks; low budget student demo.,general
"Deploy a Node.js service for user signups, REST endpoints, and notifications; low budget student demo.",general
Serve a Django admin portal with lightweight PostgreSQL reads; low budget student demo.,general
Run Docker microservices for a student project demo environment; low budget student demo.,general
Host a Flask API for CRUD operations and file metadata; low budget student demo.,general
Host a React and FastAPI web app with moderate HTTP traffic; needs autoscaling.,general
Run an internal dashboard API with cron jobs and simple background tasks; needs autoscaling.,general
"Deploy a Node.js service for user signups, REST endpoints, and notifications; needs autoscaling.",general
Serve a Django admin portal with lightweight PostgreSQL reads; needs autoscaling.,general
Run Docker microservices for a student project demo environment; needs autoscaling.,general
Host a Flask API for CRUD operations and file metadata; needs autoscaling.,general
Host a React and FastAPI web app with moderate HTTP traffic; with daily monitoring.,general
Run an internal dashboard API with cron jobs and simple background tasks; with daily monitoring.,general
"Deploy a Node.js service for user signups, REST endpoints, and notifications; with daily monitoring.",general
Serve a Django admin portal with lightweight PostgreSQL reads; with daily monitoring.,general
Run Docker microservices for a student project demo environment; with daily monitoring.,general
Host a Flask API for CRUD operations and file metadata; with daily monitoring.,general
Host a React and FastAPI web app with moderate HTTP traffic; urgent launch this week.,general
Run an internal dashboard API with cron jobs and simple background tasks; urgent launch this week.,general
"Deploy a Node.js service for user signups, REST endpoints, and notifications; urgent launch this week.",general
Serve a Django admin portal with lightweight PostgreSQL reads; urgent launch this week.,general
Run Docker microservices for a student project demo environment; urgent launch this week.,general
Host a Flask API for CRUD operations and file metadata; urgent launch this week.,general
Host a React and FastAPI web app with moderate HTTP traffic; production priority.,general
Run an internal dashboard API with cron jobs and simple background tasks; production priority.,general
"Deploy a Node.js service for user signups, REST endpoints, and notifications; production priority.",general
Serve a Django admin portal with lightweight PostgreSQL reads; production priority.,general
Run Docker microservices for a student project demo environment; production priority.,general
Host a Flask API for CRUD operations and file metadata; production priority.,general
Host a React and FastAPI web app with moderate HTTP traffic; low budget student demo.,general
Run an internal dashboard API with cron jobs and simple background tasks; low budget student demo.,general
"Deploy a Node.js service for user signups, REST endpoints, and notifications; low budget student demo.",general
Serve a Django admin portal with lightweight PostgreSQL reads; low budget student demo.,general
Run Docker microservices for a student project demo environment; low budget student demo.,general
Host a Flask API for CRUD operations and file metadata; low budget student demo.,general
Host a React and FastAPI web app with moderate HTTP traffic; needs autoscaling.,general
Run an internal dashboard API with cron jobs and simple background tasks; needs autoscaling.,general
"Deploy a Node.js service for user signups, REST endpoints, and notifications; needs autoscaling.",general
Serve a Django admin portal with lightweight PostgreSQL reads; needs autoscaling.,general
Run Docker microservices for a student project demo environment; needs autoscaling.,general
Host a Flask API for CRUD operations and file metadata; needs autoscaling.,general
Host a React and FastAPI web app with moderate HTTP traffic; with daily monitoring.,general
Run an internal dashboard API with cron jobs and simple background tasks; with daily monitoring.,general
"Deploy a Node.js service for user signups, REST endpoints, and notifications; with daily monitoring.",general
Serve a Django admin portal with lightweight PostgreSQL reads; with daily monitoring.,general
Run Docker microservices for a student project demo environment; with daily monitoring.,general
Host a Flask API for CRUD operations and file metadata; with daily monitoring.,general
Host a React and FastAPI web app with moderate HTTP traffic; urgent launch this week.,general
Run an internal dashboard API with cron jobs and simple background tasks; urgent launch this week.,general
"Deploy a Node.js service for user signups, REST endpoints, and notifications; urgent launch this week.",general
Serve a Django admin portal with lightweight PostgreSQL reads; urgent launch this week.,general
Run Docker microservices for a student project demo environment; urgent launch this week.,general
Host a Flask API for CRUD operations and file metadata; urgent launch this week.,general
Run PostgreSQL with nightly backups and 800GB of customer data; production priority.,storage
Store object files in S3 compatible storage with large archive exports; production priority.,storage
Operate MongoDB analytics collections with heavy read/write data access; production priority.,storage
"Manage backup ingestion, log retention, and cold archive movement; production priority.",storage
Serve a document repository with 2TB files and frequent metadata scans; production priority.,storage
Run MySQL reporting tables with durable disk and snapshot requirements; production priority.,storage
Run PostgreSQL with nightly backups and 800GB of customer data; low budget student demo.,storage
Store object files in S3 compatible storage with large archive exports; low budget student demo.,storage
Operate MongoDB analytics collections with heavy read/write data access; low budget student demo.,storage
"Manage backup ingestion, log retention, and cold archive movement; low budget student demo.",storage
Serve a document repository with 2TB files and frequent metadata scans; low budget student demo.,storage
Run MySQL reporting tables with durable disk and snapshot requirements; low budget student demo.,storage
Run PostgreSQL with nightly backups and 800GB of customer data; needs autoscaling.,storage
Store object files in S3 compatible storage with large archive exports; needs autoscaling.,storage
Operate MongoDB analytics collections with heavy read/write data access; needs autoscaling.,storage
"Manage backup ingestion, log retention, and cold archive movement; needs autoscaling.",storage
Serve a document repository with 2TB files and frequent metadata scans; needs autoscaling.,storage
Run MySQL reporting tables with durable disk and snapshot requirements; needs autoscaling.,storage
Run PostgreSQL with nightly backups and 800GB of customer data; with daily monitoring.,storage
Store object files in S3 compatible storage with large archive exports; with daily monitoring.,storage
Operate MongoDB analytics collections with heavy read/write data access; with daily monitoring.,storage
"Manage backup ingestion, log retention, and cold archive movement; with daily monitoring.",storage
Serve a document repository with 2TB files and frequent metadata scans; with daily monitoring.,storage
Run MySQL reporting tables with durable disk and snapshot requirements; with daily monitoring.,storage
Run PostgreSQL with nightly backups and 800GB of customer data; urgent launch this week.,storage
Store object files in S3 compatible storage with large archive exports; urgent launch this week.,storage
Operate MongoDB analytics collections with heavy read/write data access; urgent launch this week.,storage
"Manage backup ingestion, log retention, and cold archive movement; urgent launch this week.",storage
Serve a document repository with 2TB files and frequent metadata scans; urgent launch this week.,storage
Run MySQL reporting tables with durable disk and snapshot requirements; urgent launch this week.,storage
Run PostgreSQL with nightly backups and 800GB of customer data; production priority.,storage
Store object files in S3 compatible storage with large archive exports; production priority.,storage
Operate MongoDB analytics collections with heavy read/write data access; production priority.,storage
"Manage backup ingestion, log retention, and cold archive movement; production priority.",storage
Serve a document repository with 2TB files and frequent metadata scans; production priority.,storage
Run MySQL reporting tables with durable disk and snapshot requirements; production priority.,storage
Run PostgreSQL with nightly backups and 800GB of customer data; low budget student demo.,storage
Store object files in S3 compatible storage with large archive exports; low budget student demo.,storage
Operate MongoDB analytics collections with heavy read/write data access; low budget student demo.,storage
"Manage backup ingestion, log retention, and cold archive movement; low budget student demo.",storage
Serve a document repository with 2TB files and frequent metadata scans; low budget student demo.,storage
Run MySQL reporting tables with durable disk and snapshot requirements; low budget student demo.,storage
Run PostgreSQL with nightly backups and 800GB of customer data; needs autoscaling.,storage
Store object files in S3 compatible storage with large archive exports; needs autoscaling.,storage
Operate MongoDB analytics collections with heavy read/write data access; needs autoscaling.,storage
"Manage backup ingestion, log retention, and cold archive movement; needs autoscaling.",storage
Serve a document repository with 2TB files and frequent metadata scans; needs autoscaling.,storage
Run MySQL reporting tables with durable disk and snapshot requirements; needs autoscaling.,storage
Run PostgreSQL with nightly backups and 800GB of customer data; with daily monitoring.,storage
Store object files in S3 compatible storage with large archive exports; with daily monitoring.,storage
Operate MongoDB analytics collections with heavy read/write data access; with daily monitoring.,storage
"Manage backup ingestion, log retention, and cold archive movement; with daily monitoring.",storage
Serve a document repository with 2TB files and frequent metadata scans; with daily monitoring.,storage
Run MySQL reporting tables with durable disk and snapshot requirements; with daily monitoring.,storage
Run PostgreSQL with nightly backups and 800GB of customer data; urgent launch this week.,storage
Store object files in S3 compatible storage with large archive exports; urgent launch this week.,storage
Operate MongoDB analytics collections with heavy read/write data access; urgent launch this week.,storage
"Manage backup ingestion, log retention, and cold archive movement; urgent launch this week.",storage
Serve a document repository with 2TB files and frequent metadata scans; urgent launch this week.,storage
Run MySQL reporting tables with durable disk and snapshot requirements; urgent launch this week.,storage
Run PostgreSQL with nightly backups and 800GB of customer data; production priority.,storage
Store object files in S3 compatible storage with large archive exports; production priority.,storage
Operate MongoDB analytics collections with heavy read/write data access; production priority.,storage
"Manage backup ingestion, log retention, and cold archive movement; production priority.",storage
Serve a document repository with 2TB files and frequent metadata scans; production priority.,storage
Run MySQL reporting tables with durable disk and snapshot requirements; production priority.,storage
Run PostgreSQL with nightly backups and 800GB of customer data; low budget student demo.,storage
Store object files in S3 compatible storage with large archive exports; low budget student demo.,storage
Operate MongoDB analytics collections with heavy read/write data access; low budget student demo.,storage
"Manage backup ingestion, log retention, and cold archive movement; low budget student demo.",storage
Serve a document repository with 2TB files and frequent metadata scans; low budget student demo.,storage
Run MySQL reporting tables with durable disk and snapshot requirements; low budget student demo.,storage
Run PostgreSQL with nightly backups and 800GB of customer data; needs autoscaling.,storage
Store object files in S3 compatible storage with large archive exports; needs autoscaling.,storage
Operate MongoDB analytics collections with heavy read/write data access; needs autoscaling.,storage
"Manage backup ingestion, log retention, and cold archive movement; needs autoscaling.",storage
Serve a document repository with 2TB files and frequent metadata scans; needs autoscaling.,storage
Run MySQL reporting tables with durable disk and snapshot requirements; needs autoscaling.,storage
Run PostgreSQL with nightly backups and 800GB of customer data; with daily monitoring.,storage
Store object files in S3 compatible storage with large archive exports; with daily monitoring.,storage
Operate MongoDB analytics collections with heavy read/write data access; with daily monitoring.,storage
"Manage backup ingestion, log retention, and cold archive movement; with daily monitoring.",storage
Serve a document repository with 2TB files and frequent metadata scans; with daily monitoring.,storage
Run MySQL reporting tables with durable disk and snapshot requirements; with daily monitoring.,storage
Run PostgreSQL with nightly backups and 800GB of customer data; urgent launch this week.,storage
Store object files in S3 compatible storage with large archive exports; urgent launch this week.,storage
Operate MongoDB analytics collections with heavy read/write data access; urgent launch this week.,storage
"Manage backup ingestion, log retention, and cold archive movement; urgent launch this week.",storage
Serve a document repository with 2TB files and frequent metadata scans; urgent launch this week.,storage
Run MySQL reporting tables with durable disk and snapshot requirements; urgent launch this week.,storage
Run PostgreSQL with nightly backups and 800GB of customer data; production priority.,storage
Store object files in S3 compatible storage with large archive exports; production priority.,storage
Operate MongoDB analytics collections with heavy read/write data access; production priority.,storage
"Manage backup ingestion, log retention, and cold archive movement; production priority.",storage
Serve a document repository with 2TB files and frequent metadata scans; production priority.,storage
Run MySQL reporting tables with durable disk and snapshot requirements; production priority.,storage
Run PostgreSQL with nightly backups and 800GB of customer data; low budget student demo.,storage
Store object files in S3 compatible storage with large archive exports; low budget student demo.,storage
Operate MongoDB analytics collections with heavy read/write data access; low budget student demo.,storage
"Manage backup ingestion, log retention, and cold archive movement; low budget student demo.",storage
Serve a document repository with 2TB files and frequent metadata scans; low budget student demo.,storage
Run MySQL reporting tables with durable disk and snapshot requirements; low budget student demo.,storage
Run PostgreSQL with nightly backups and 800GB of customer data; needs autoscaling.,storage
Store object files in S3 compatible storage with large archive exports; needs autoscaling.,storage
Operate MongoDB analytics collections with heavy read/write data access; needs autoscaling.,storage
"Manage backup ingestion, log retention, and cold archive movement; needs autoscaling.",storage
Serve a document repository with 2TB files and frequent metadata scans; needs autoscaling.,storage
Run MySQL reporting tables with durable disk and snapshot requirements; needs autoscaling.,storage
Run PostgreSQL with nightly backups and 800GB of customer data; with daily monitoring.,storage
Store object files in S3 compatible storage with large archive exports; with daily monitoring.,storage
Operate MongoDB analytics collections with heavy read/write data access; with daily monitoring.,storage
"Manage backup ingestion, log retention, and cold archive movement; with daily monitoring.",storage
Serve a document repository with 2TB files and frequent metadata scans; with daily monitoring.,storage
Run MySQL reporting tables with durable disk and snapshot requirements; with daily monitoring.,storage
Run PostgreSQL with nightly backups and 800GB of customer data; urgent launch this week.,storage
Store object files in S3 compatible storage with large archive exports; urgent launch this week.,storage
Operate MongoDB analytics collections with heavy read/write data access; urgent launch this week.,storage
"Manage backup ingestion, log retention, and cold archive movement; urgent launch this week.",storage
Serve a document repository with 2TB files and frequent metadata scans; urgent launch this week.,storage
Run MySQL reporting tables with durable disk and snapshot requirements; urgent launch this week.,storage
Run Redis cache with high concurrency and low latency session reads; production priority.,memory
Host an in-memory leaderboard requiring 64GB RAM and fast key lookups; production priority.,memory
Operate Memcached for API acceleration with strict response latency; production priority.,memory
Process large joins in memory for a business intelligence dashboard; production priority.,memory
Keep hot recommendation features in RAM for quick retrieval; production priority.,memory
Run a memory-heavy Java service with large heap and frequent allocations; production priority.,memory
Run Redis cache with high concurrency and low latency session reads; low budget student demo.,memory
Host an in-memory leaderboard requiring 64GB RAM and fast key lookups; low budget student demo.,memory
Operate Memcached for API acceleration with strict response latency; low budget student demo.,memory
Process large joins in memory for a business intelligence dashboard; low budget student demo.,memory
Keep hot recommendation features in RAM for quick retrieval; low budget student demo.,memory
Run a memory-heavy Java service with large heap and frequent allocations; low budget student demo.,memory
Run Redis cache with high concurrency and low latency session reads; needs autoscaling.,memory
Host an in-memory leaderboard requiring 64GB RAM and fast key lookups; needs autoscaling.,memory
Operate Memcached for API acceleration with strict response latency; needs autoscaling.,memory
Process large joins in memory for a business intelligence dashboard; needs autoscaling.,memory
Keep hot recommendation features in RAM for quick retrieval; needs autoscaling.,memory
Run a memory-heavy Java service with large heap and frequent allocations; needs autoscaling.,memory
Run Redis cache with high concurrency and low latency session reads; with daily monitoring.,memory
Host an in-memory leaderboard requiring 64GB RAM and fast key lookups; with daily monitoring.,memory
Operate Memcached for API acceleration with strict response latency; with daily monitoring.,memory
Process large joins in memory for a business intelligence dashboard; with daily monitoring.,memory
Keep hot recommendation features in RAM for quick retrieval; with daily monitoring.,memory
Run a memory-heavy Java service with large heap and frequent allocations; with daily monitoring.,memory
Run Redis cache with high concurrency and low latency session reads; urgent launch this week.,memory
Host an in-memory leaderboard requiring 64GB RAM and fast key lookups; urgent launch this week.,memory
Operate Memcached for API acceleration with strict response latency; urgent launch this week.,memory
Process large joins in memory for a business intelligence dashboard; urgent launch this week.,memory
Keep hot recommendation features in RAM for quick retrieval; urgent launch this week.,memory
Run a memory-heavy Java service with large heap and frequent allocations; urgent launch this week.,memory
Run Redis cache with high concurrency and low latency session reads; production priority.,memory
Host an in-memory leaderboard requiring 64GB RAM and fast key lookups; production priority.,memory
Operate Memcached for API acceleration with strict response latency; production priority.,memory
Process large joins in memory for a business intelligence dashboard; production priority.,memory
Keep hot recommendation features in RAM for quick retrieval; production priority.,memory
Run a memory-heavy Java service with large heap and frequent allocations; production priority.,memory
Run Redis cache with high concurrency and low latency session reads; low budget student demo.,memory
Host an in-memory leaderboard requiring 64GB RAM and fast key lookups; low budget student demo.,memory
Operate Memcached for API acceleration with strict response latency; low budget student demo.,memory
Process large joins in memory for a business intelligence dashboard; low budget student demo.,memory
Keep hot recommendation features in RAM for quick retrieval; low budget student demo.,memory
Run a memory-heavy Java service with large heap and frequent allocations; low budget student demo.,memory
Run Redis cache with high concurrency and low latency session reads; needs autoscaling.,memory
Host an in-memory leaderboard requiring 64GB RAM and fast key lookups; needs autoscaling.,memory
Operate Memcached for API acceleration with strict response latency; needs autoscaling.,memory
Process large joins in memory for a business intelligence dashboard; needs autoscaling.,memory
Keep hot recommendation features in RAM for quick retrieval; needs autoscaling.,memory
Run a memory-heavy Java service with large heap and frequent allocations; needs autoscaling.,memory
Run Redis cache with high concurrency and low latency session reads; with daily monitoring.,memory
Host an in-memory leaderboard requiring 64GB RAM and fast key lookups; with daily monitoring.,memory
Operate Memcached for API acceleration with strict response latency; with daily monitoring.,memory
Process large joins in memory for a business intelligence dashboard; with daily monitoring.,memory
Keep hot recommendation features in RAM for quick retrieval; with daily monitoring.,memory
Run a memory-heavy Java service with large heap and frequent allocations; with daily monitoring.,memory
Run Redis cache with high concurrency and low latency session reads; urgent launch this week.,memory
Host an in-memory leaderboard requiring 64GB RAM and fast key lookups; urgent launch this week.,memory
Operate Memcached for API acceleration with strict response latency; urgent launch this week.,memory
Process large joins in memory for a business intelligence dashboard; urgent launch this week.,memory
Keep hot recommendation features in RAM for quick retrieval; urgent launch this week.,memory
Run a memory-heavy Java service with large heap and frequent allocations; urgent launch this week.,memory
Run Redis cache with high concurrency and low latency session reads; production priority.,memory
Host an in-memory leaderboard requiring 64GB RAM and fast key lookups; production priority.,memory
Operate Memcached for API acceleration with strict response latency; production priority.,memory
Process large joins in memory for a business intelligence dashboard; production priority.,memory
Keep hot recommendation features in RAM for quick retrieval; production priority.,memory
Run a memory-heavy Java service with large heap and frequent allocations; production priority.,memory
Run Redis cache with high concurrency and low latency session reads; low budget student demo.,memory
Host an in-memory leaderboard requiring 64GB RAM and fast key lookups; low budget student demo.,memory
Operate Memcached for API acceleration with strict response latency; low budget student demo.,memory
Process large joins in memory for a business intelligence dashboard; low budget student demo.,memory
Keep hot recommendation features in RAM for quick retrieval; low budget student demo.,memory
Run a memory-heavy Java service with large heap and frequent allocations; low budget student demo.,memory
Run Redis cache with high concurrency and low latency session reads; needs autoscaling.,memory
Host an in-memory leaderboard requiring 64GB RAM and fast key lookups; needs autoscaling.,memory
Operate Memcached for API acceleration with strict response latency; needs autoscaling.,memory
Process large joins in memory for a business intelligence dashboard; needs autoscaling.,memory
Keep hot recommendation features in RAM for quick retrieval; needs autoscaling.,memory
Run a memory-heavy Java service with large heap and frequent allocations; needs autoscaling.,memory
Run Redis cache with high concurrency and low latency session reads; with daily monitoring.,memory
Host an in-memory leaderboard requiring 64GB RAM and fast key lookups; with daily monitoring.,memory
Operate Memcached for API acceleration with strict response latency; with daily monitoring.,memory
Process large joins in memory for a business intelligence dashboard; with daily monitoring.,memory
Keep hot recommendation features in RAM for quick retrieval; with daily monitoring.,memory
Run a memory-heavy Java service with large heap and frequent allocations; with daily monitoring.,memory
Run Redis cache with high concurrency and low latency session reads; urgent launch this week.,memory
Host an in-memory leaderboard requiring 64GB RAM and fast key lookups; urgent launch this week.,memory
Operate Memcached for API acceleration with strict response latency; urgent launch this week.,memory
Process large joins in memory for a business intelligence dashboard; urgent launch this week.,memory
Keep hot recommendation features in RAM for quick retrieval; urgent launch this week.,memory
Run a memory-heavy Java service with large heap and frequent allocations; urgent launch this week.,memory
Run Redis cache with high concurrency and low latency session reads; production priority.,memory
Host an in-memory leaderboard requiring 64GB RAM and fast key lookups; production priority.,memory
Operate Memcached for API acceleration with strict response latency; production priority.,memory
Process large joins in memory for a business intelligence dashboard; production priority.,memory
Keep hot recommendation features in RAM for quick retrieval; production priority.,memory
Run a memory-heavy Java service with large heap and frequent allocations; production priority.,memory
Run Redis cache with high concurrency and low latency session reads; low budget student demo.,memory
Host an in-memory leaderboard requiring 64GB RAM and fast key lookups; low budget student demo.,memory
Operate Memcached for API acceleration with strict response latency; low budget student demo.,memory
Process large joins in memory for a business intelligence dashboard; low budget student demo.,memory
Keep hot recommendation features in RAM for quick retrieval; low budget student demo.,memory
Run a memory-heavy Java service with large heap and frequent allocations; low budget student demo.,memory
Run Redis cache with high concurrency and low latency session reads; needs autoscaling.,memory
Host an in-memory leaderboard requiring 64GB RAM and fast key lookups; needs autoscaling.,memory
Operate Memcached for API acceleration with strict response latency; needs autoscaling.,memory
Process large joins in memory for a business intelligence dashboard; needs autoscaling.,memory
Keep hot recommendation features in RAM for quick retrieval; needs autoscaling.,memory
Run a memory-heavy Java service with large heap and frequent allocations; needs autoscaling.,memory
Run Redis cache with high concurrency and low latency session reads; with daily monitoring.,memory
Host an in-memory leaderboard requiring 64GB RAM and fast key lookups; with daily monitoring.,memory
Operate Memcached for API acceleration with strict response latency; with daily monitoring.,memory
Process large joins in memory for a business intelligence dashboard; with daily monitoring.,memory
Keep hot recommendation features in RAM for quick retrieval; with daily monitoring.,memory
Run a memory-heavy Java service with large heap and frequent allocations; with daily monitoring.,memory
Run Redis cache with high concurrency and low latency session reads; urgent launch this week.,memory
Host an in-memory leaderboard requiring 64GB RAM and fast key lookups; urgent launch this week.,memory
Operate Memcached for API acceleration with strict response latency; urgent launch this week.,memory
Process large joins in memory for a business intelligence dashboard; urgent launch this week.,memory
Keep hot recommendation features in RAM for quick retrieval; urgent launch this week.,memory
Run a memory-heavy Java service with large heap and frequent allocations; urgent launch this week.,memory
Run high CPU video encoding jobs with many cores and parallel processing; production priority.,performance
Serve a latency critical trading simulator requiring high compute throughput; production priority.,performance
Compile large projects and run parallel test suites every hour; production priority.,performance
Execute CPU intensive simulations with high network throughput; production priority.,performance
Process real-time events with strict performance and burst handling; production priority.,performance
Run a compute-heavy image processing pipeline for production traffic; production priority.,performance
Run high CPU video encoding jobs with many cores and parallel processing; low budget student demo.,performance
Serve a latency critical trading simulator requiring high compute throughput; low budget student demo.,performance
Compile large projects and run parallel test suites every hour; low budget student demo.,performance
Execute CPU intensive simulations with high network throughput; low budget student demo.,performance
Process real-time events with strict performance and burst handling; low budget student demo.,performance
Run a compute-heavy image processing pipeline for production traffic; low budget student demo.,performance
Run high CPU video encoding jobs with many cores and parallel processing; needs autoscaling.,performance
Serve a latency critical trading simulator requiring high compute throughput; needs autoscaling.,performance
Compile large projects and run parallel test suites every hour; needs autoscaling.,performance
Execute CPU intensive simulations with high network throughput; needs autoscaling.,performance
Process real-time events with strict performance and burst handling; needs autoscaling.,performance
Run a compute-heavy image processing pipeline for production traffic; needs autoscaling.,performance
Run high CPU video encoding jobs with many cores and parallel processing; with daily monitoring.,performance
Serve a latency critical trading simulator requiring high compute throughput; with daily monitoring.,performance
Compile large projects and run parallel test suites every hour; with daily monitoring.,performance
Execute CPU intensive simulations with high network throughput; with daily monitoring.,performance
Process real-time events with strict performance and burst handling; with daily monitoring.,performance
Run a compute-heavy image processing pipeline for production traffic; with daily monitoring.,performance
Run high CPU video encoding jobs with many cores and parallel processing; urgent launch this week.,performance
Serve a latency critical trading simulator requiring high compute throughput; urgent launch this week.,performance
Compile large projects and run parallel test suites every hour; urgent launch this week.,performance
Execute CPU intensive simulations with high network throughput; urgent launch this week.,performance
Process real-time events with strict performance and burst handling; urgent launch this week.,performance
Run a compute-heavy image processing pipeline for production traffic; urgent launch this week.,performance
Run high CPU video encoding jobs with many cores and parallel processing; production priority.,performance
Serve a latency critical trading simulator requiring high compute throughput; production priority.,performance
Compile large projects and run parallel test suites every hour; production priority.,performance
Execute CPU intensive simulations with high network throughput; production priority.,performance
Process real-time events with strict performance and burst handling; production priority.,performance
Run a compute-heavy image processing pipeline for production traffic; production priority.,performance
Run high CPU video encoding jobs with many cores and parallel processing; low budget student demo.,performance
Serve a latency critical trading simulator requiring high compute throughput; low budget student demo.,performance
Compile large projects and run parallel test suites every hour; low budget student demo.,performance
Execute CPU intensive simulations with high network throughput; low budget student demo.,performance
Process real-time events with strict performance and burst handling; low budget student demo.,performance
Run a compute-heavy image processing pipeline for production traffic; low budget student demo.,performance
Run high CPU video encoding jobs with many cores and parallel processing; needs autoscaling.,performance
Serve a latency critical trading simulator requiring high compute throughput; needs autoscaling.,performance
Compile large projects and run parallel test suites every hour; needs autoscaling.,performance
Execute CPU intensive simulations with high network throughput; needs autoscaling.,performance
Process real-time events with strict performance and burst handling; needs autoscaling.,performance
Run a compute-heavy image processing pipeline for production traffic; needs autoscaling.,performance
Run high CPU video encoding jobs with many cores and parallel processing; with daily monitoring.,performance
Serve a latency critical trading simulator requiring high compute throughput; with daily monitoring.,performance
Compile large projects and run parallel test suites every hour; with daily monitoring.,performance
Execute CPU intensive simulations with high network throughput; with daily monitoring.,performance
Process real-time events with strict performance and burst handling; with daily monitoring.,performance
Run a compute-heavy image processing pipeline for production traffic; with daily monitoring.,performance
Run high CPU video encoding jobs with many cores and parallel processing; urgent launch this week.,performance
Serve a latency critical trading simulator requiring high compute throughput; urgent launch this week.,performance
Compile large projects and run parallel test suites every hour; urgent launch this week.,performance
Execute CPU intensive simulations with high network throughput; urgent launch this week.,performance
Process real-time events with strict performance and burst handling; urgent launch this week.,performance
Run a compute-heavy image processing pipeline for production traffic; urgent launch this week.,performance
Run high CPU video encoding jobs with many cores and parallel processing; production priority.,performance
Serve a latency critical trading simulator requiring high compute throughput; production priority.,performance
Compile large projects and run parallel test suites every hour; production priority.,performance
Execute CPU intensive simulations with high network throughput; production priority.,performance
Process real-time events with strict performance and burst handling; production priority.,performance
Run a compute-heavy image processing pipeline for production traffic; production priority.,performance
Run high CPU video encoding jobs with many cores and parallel processing; low budget student demo.,performance
Serve a latency critical trading simulator requiring high compute throughput; low budget student demo.,performance
Compile large projects and run parallel test suites every hour; low budget student demo.,performance
Execute CPU intensive simulations with high network throughput; low budget student demo.,performance
Process real-time events with strict performance and burst handling; low budget student demo.,performance
Run a compute-heavy image processing pipeline for production traffic; low budget student demo.,performance
Run high CPU video encoding jobs with many cores and parallel processing; needs autoscaling.,performance
Serve a latency critical trading simulator requiring high compute throughput; needs autoscaling.,performance
Compile large projects and run parallel test suites every hour; needs autoscaling.,performance
Execute CPU intensive simulations with high network throughput; needs autoscaling.,performance
Process real-time events with strict performance and burst handling; needs autoscaling.,performance
Run a compute-heavy image processing pipeline for production traffic; needs autoscaling.,performance
Run high CPU video encoding jobs with many cores and parallel processing; with daily monitoring.,performance
Serve a latency critical trading simulator requiring high compute throughput; with daily monitoring.,performance
Compile large projects and run parallel test suites every hour; with daily monitoring.,performance
Execute CPU intensive simulations with high network throughput; with daily monitoring.,performance
Process real-time events with strict performance and burst handling; with daily monitoring.,performance
Run a compute-heavy image processing pipeline for production traffic; with daily monitoring.,performance
Run high CPU video encoding jobs with many cores and parallel processing; urgent launch this week.,performance
Serve a latency critical trading simulator requiring high compute throughput; urgent launch this week.,performance
Compile large projects and run parallel test suites every hour; urgent launch this week.,performance
Execute CPU intensive simulations with high network throughput; urgent launch this week.,performance
Process real-time events with strict performance and burst handling; urgent launch this week.,performance
Run a compute-heavy image processing pipeline for production traffic; urgent launch this week.,performance
Run high CPU video encoding jobs with many cores and parallel processing; production priority.,performance
Serve a latency critical trading simulator requiring high compute throughput; production priority.,performance
Compile large projects and run parallel test suites every hour; production priority.,performance
Execute CPU intensive simulations with high network throughput; production priority.,performance
Process real-time events with strict performance and burst handling; production priority.,performance
Run a compute-heavy image processing pipeline for production traffic; production priority.,performance
Run high CPU video encoding jobs with many cores and parallel processing; low budget student demo.,performance
Serve a latency critical trading simulator requiring high compute throughput; low budget student demo.,performance
Compile large projects and run parallel test suites every hour; low budget student demo.,performance
Execute CPU intensive simulations with high network throughput; low budget student demo.,performance
Process real-time events with strict performance and burst handling; low budget student demo.,performance
Run a compute-heavy image processing pipeline for production traffic; low budget student demo.,performance
Run high CPU video encoding jobs with many cores and parallel processing; needs autoscaling.,performance
Serve a latency critical trading simulator requiring high compute throughput; needs autoscaling.,performance
Compile large projects and run parallel test suites every hour; needs autoscaling.,performance
Execute CPU intensive simulations with high network throughput; needs autoscaling.,performance
Process real-time events with strict performance and burst handling; needs autoscaling.,performance
Run a compute-heavy image processing pipeline for production traffic; needs autoscaling.,performance
Run high CPU video encoding jobs with many cores and parallel processing; with daily monitoring.,performance
Serve a latency critical trading simulator requiring high compute throughput; with daily monitoring.,performance
Compile large projects and run parallel test suites every hour; with daily monitoring.,performance
Execute CPU intensive simulations with high network throughput; with daily monitoring.,performance
Process real-time events with strict performance and burst handling; with daily monitoring.,performance
Run a compute-heavy image processing pipeline for production traffic; with daily monitoring.,performance
Run high CPU video encoding jobs with many cores and parallel processing; urgent launch this week.,performance
Serve a latency critical trading simulator requiring high compute throughput; urgent launch this week.,performance
Compile large projects and run parallel test suites every hour; urgent launch this week.,performance
Execute CPU intensive simulations with high network throughput; urgent launch this week.,performance
Process real-time events with strict performance and burst handling; urgent launch this week.,performance
Run a compute-heavy image processing pipeline for production traffic; urgent launch this week.,performance
Train a TensorFlow model with GPU acceleration and CUDA support; production priority.,ai_ml
Run PyTorch deep learning inference for image classification; production priority.,ai_ml
Execute XGBoost notebook experiments with pandas and scikit-learn; production priority.,ai_ml
Train neural network models on a CIFAR-10 dataset with 32GB RAM; production priority.,ai_ml
Run Jupyter machine learning pipelines for feature engineering; production priority.,ai_ml
Serve an AI inference API with GPU and batch prediction workloads; production priority.,ai_ml
Train a TensorFlow model with GPU acceleration and CUDA support; low budget student demo.,ai_ml
Run PyTorch deep learning inference for image classification; low budget student demo.,ai_ml
Execute XGBoost notebook experiments with pandas and scikit-learn; low budget student demo.,ai_ml
Train neural network models on a CIFAR-10 dataset with 32GB RAM; low budget student demo.,ai_ml
Run Jupyter machine learning pipelines for feature engineering; low budget student demo.,ai_ml
Serve an AI inference API with GPU and batch prediction workloads; low budget student demo.,ai_ml
Train a TensorFlow model with GPU acceleration and CUDA support; needs autoscaling.,ai_ml
Run PyTorch deep learning inference for image classification; needs autoscaling.,ai_ml
Execute XGBoost notebook experiments with pandas and scikit-learn; needs autoscaling.,ai_ml
Train neural network models on a CIFAR-10 dataset with 32GB RAM; needs autoscaling.,ai_ml
Run Jupyter machine learning pipelines for feature engineering; needs autoscaling.,ai_ml
Serve an AI inference API with GPU and batch prediction workloads; needs autoscaling.,ai_ml
Train a TensorFlow model with GPU acceleration and CUDA support; with daily monitoring.,ai_ml
Run PyTorch deep learning inference for image classification; with daily monitoring.,ai_ml
Execute XGBoost notebook experiments with pandas and scikit-learn; with daily monitoring.,ai_ml
Train neural network models on a CIFAR-10 dataset with 32GB RAM; with daily monitoring.,ai_ml
Run Jupyter machine learning pipelines for feature engineering; with daily monitoring.,ai_ml
Serve an AI inference API with GPU and batch prediction workloads; with daily monitoring.,ai_ml
Train a TensorFlow model with GPU acceleration and CUDA support; urgent launch this week.,ai_ml
Run PyTorch deep learning inference for image classification; urgent launch this week.,ai_ml
Execute XGBoost notebook experiments with pandas and scikit-learn; urgent launch this week.,ai_ml
Train neural network models on a CIFAR-10 dataset with 32GB RAM; urgent launch this week.,ai_ml
Run Jupyter machine learning pipelines for feature engineering; urgent launch this week.,ai_ml
Serve an AI inference API with GPU and batch prediction workloads; urgent launch this week.,ai_ml
Train a TensorFlow model with GPU acceleration and CUDA support; production priority.,ai_ml
Run PyTorch deep learning inference for image classification; production priority.,ai_ml
Execute XGBoost notebook experiments with pandas and scikit-learn; production priority.,ai_ml
Train neural network models on a CIFAR-10 dataset with 32GB RAM; production priority.,ai_ml
Run Jupyter machine learning pipelines for feature engineering; production priority.,ai_ml
Serve an AI inference API with GPU and batch prediction workloads; production priority.,ai_ml
Train a TensorFlow model with GPU acceleration and CUDA support; low budget student demo.,ai_ml
Run PyTorch deep learning inference for image classification; low budget student demo.,ai_ml
Execute XGBoost notebook experiments with pandas and scikit-learn; low budget student demo.,ai_ml
Train neural network models on a CIFAR-10 dataset with 32GB RAM; low budget student demo.,ai_ml
Run Jupyter machine learning pipelines for feature engineering; low budget student demo.,ai_ml
Serve an AI inference API with GPU and batch prediction workloads; low budget student demo.,ai_ml
Train a TensorFlow model with GPU acceleration and CUDA support; needs autoscaling.,ai_ml
Run PyTorch deep learning inference for image classification; needs autoscaling.,ai_ml
Execute XGBoost notebook experiments with pandas and scikit-learn; needs autoscaling.,ai_ml
Train neural network models on a CIFAR-10 dataset with 32GB RAM; needs autoscaling.,ai_ml
Run Jupyter machine learning pipelines for feature engineering; needs autoscaling.,ai_ml
Serve an AI inference API with GPU and batch prediction workloads; needs autoscaling.,ai_ml
Train a TensorFlow model with GPU acceleration and CUDA support; with daily monitoring.,ai_ml
Run PyTorch deep learning inference for image classification; with daily monitoring.,ai_ml
Execute XGBoost notebook experiments with pandas and scikit-learn; with daily monitoring.,ai_ml
Train neural network models on a CIFAR-10 dataset with 32GB RAM; with daily monitoring.,ai_ml
Run Jupyter machine learning pipelines for feature engineering; with daily monitoring.,ai_ml
Serve an AI inference API with GPU and batch prediction workloads; with daily monitoring.,ai_ml
Train a TensorFlow model with GPU acceleration and CUDA support; urgent launch this week.,ai_ml
Run PyTorch deep learning inference for image classification; urgent launch this week.,ai_ml
Execute XGBoost notebook experiments with pandas and scikit-learn; urgent launch this week.,ai_ml
Train neural network models on a CIFAR-10 dataset with 32GB RAM; urgent launch this week.,ai_ml
Run Jupyter machine learning pipelines for feature engineering; urgent launch this week.,ai_ml
Serve an AI inference API with GPU and batch prediction workloads; urgent launch this week.,ai_ml
Train a TensorFlow model with GPU acceleration and CUDA support; production priority.,ai_ml
Run PyTorch deep learning inference for image classification; production priority.,ai_ml
Execute XGBoost notebook experiments with pandas and scikit-learn; production priority.,ai_ml
Train neural network models on a CIFAR-10 dataset with 32GB RAM; production priority.,ai_ml
Run Jupyter machine learning pipelines for feature engineering; production priority.,ai_ml
Serve an AI inference API with GPU and batch prediction workloads; production priority.,ai_ml
Train a TensorFlow model with GPU acceleration and CUDA support; low budget student demo.,ai_ml
Run PyTorch deep learning inference for image classification; low budget student demo.,ai_ml
Execute XGBoost notebook experiments with pandas and scikit-learn; low budget student demo.,ai_ml
Train neural network models on a CIFAR-10 dataset with 32GB RAM; low budget student demo.,ai_ml
Run Jupyter machine learning pipelines for feature engineering; low budget student demo.,ai_ml
Serve an AI inference API with GPU and batch prediction workloads; low budget student demo.,ai_ml
Train a TensorFlow model with GPU acceleration and CUDA support; needs autoscaling.,ai_ml
Run PyTorch deep learning inference for image classification; needs autoscaling.,ai_ml
Execute XGBoost notebook experiments with pandas and scikit-learn; needs autoscaling.,ai_ml
Train neural network models on a CIFAR-10 dataset with 32GB RAM; needs autoscaling.,ai_ml
Run Jupyter machine learning pipelines for feature engineering; needs autoscaling.,ai_ml
Serve an AI inference API with GPU and batch prediction workloads; needs autoscaling.,ai_ml
Train a TensorFlow model with GPU acceleration and CUDA support; with daily monitoring.,ai_ml
Run PyTorch deep learning inference for image classification; with daily monitoring.,ai_ml
Execute XGBoost notebook experiments with pandas and scikit-learn; with daily monitoring.,ai_ml
Train neural network models on a CIFAR-10 dataset with 32GB RAM; with daily monitoring.,ai_ml
Run Jupyter machine learning pipelines for feature engineering; with daily monitoring.,ai_ml
Serve an AI inference API with GPU and batch prediction workloads; with daily monitoring.,ai_ml
Train a TensorFlow model with GPU acceleration and CUDA support; urgent launch this week.,ai_ml
Run PyTorch deep learning inference for image classification; urgent launch this week.,ai_ml
Execute XGBoost notebook experiments with pandas and scikit-learn; urgent launch this week.,ai_ml
Train neural network models on a CIFAR-10 dataset with 32GB RAM; urgent launch this week.,ai_ml
Run Jupyter machine learning pipelines for feature engineering; urgent launch this week.,ai_ml
Serve an AI inference API with GPU and batch prediction workloads; urgent launch this week.,ai_ml
Train a TensorFlow model with GPU acceleration and CUDA support; production priority.,ai_ml
Run PyTorch deep learning inference for image classification; production priority.,ai_ml
Execute XGBoost notebook experiments with pandas and scikit-learn; production priority.,ai_ml
Train neural network models on a CIFAR-10 dataset with 32GB RAM; production priority.,ai_ml
Run Jupyter machine learning pipelines for feature engineering; production priority.,ai_ml
Serve an AI inference API with GPU and batch prediction workloads; production priority.,ai_ml
Train a TensorFlow model with GPU acceleration and CUDA support; low budget student demo.,ai_ml
Run PyTorch deep learning inference for image classification; low budget student demo.,ai_ml
Execute XGBoost notebook experiments with pandas and scikit-learn; low budget student demo.,ai_ml
Train neural network models on a CIFAR-10 dataset with 32GB RAM; low budget student demo.,ai_ml
Run Jupyter machine learning pipelines for feature engineering; low budget student demo.,ai_ml
Serve an AI inference API with GPU and batch prediction workloads; low budget student demo.,ai_ml
Train a TensorFlow model with GPU acceleration and CUDA support; needs autoscaling.,ai_ml
Run PyTorch deep learning inference for image classification; needs autoscaling.,ai_ml
Execute XGBoost notebook experiments with pandas and scikit-learn; needs autoscaling.,ai_ml
Train neural network models on a CIFAR-10 dataset with 32GB RAM; needs autoscaling.,ai_ml
Run Jupyter machine learning pipelines for feature engineering; needs autoscaling.,ai_ml
Serve an AI inference API with GPU and batch prediction workloads; needs autoscaling.,ai_ml
Train a TensorFlow model with GPU acceleration and CUDA support; with daily monitoring.,ai_ml
Run PyTorch deep learning inference for image classification; with daily monitoring.,ai_ml
Execute XGBoost notebook experiments with pandas and scikit-learn; with daily monitoring.,ai_ml
Train neural network models on a CIFAR-10 dataset with 32GB RAM; with daily monitoring.,ai_ml
Run Jupyter machine learning pipelines for feature engineering; with daily monitoring.,ai_ml
Serve an AI inference API with GPU and batch prediction workloads; with daily monitoring.,ai_ml
Train a TensorFlow model with GPU acceleration and CUDA support; urgent launch this week.,ai_ml
Run PyTorch deep learning inference for image classification; urgent launch this week.,ai_ml
Execute XGBoost notebook experiments with pandas and scikit-learn; urgent launch this week.,ai_ml
Train neural network models on a CIFAR-10 dataset with 32GB RAM; urgent launch this week.,ai_ml
Run Jupyter machine learning pipelines for feature engineering; urgent launch this week.,ai_ml
Serve an AI inference API with GPU and batch prediction workloads; urgent launch this week.,ai_ml
